date,ip
09_14,109.146.238.213
09_14,109.146.238.213
09_14,64.189.111.130
09_14,64.189.111.130
09_14,64.189.111.130
09_14,64.189.111.130
09_14,64.189.111.130
09_14,64.189.111.130
09_14,64.189.111.130
09_14,64.189.111.130
09_14,64.189.111.130
09_14,64.189.111.130
09_14,64.189.111.130
09_14,64.189.111.130
09_14,64.189.111.130
09_14,64.189.111.130
09_14,64.189.111.130
09_14,64.189.111.130
09_14,64.189.111.130
09_14,64.189.111.130
09_14,64.189.111.130
09_14,64.189.111.130
09_14,64.189.111.130
09_14,64.189.111.130
09_14,64.189.111.130
09_14,64.189.111.130
09_14,64.189.111.130
09_14,64.189.111.130
09_14,71.73.20.240
09_14,71.73.20.240
09_14,71.73.20.240
09_14,71.73.20.240
09_14,206.168.34.41
09_14,206.168.34.41
09_14,206.168.34.41
09_14,206.168.34.41
09_14,81.205.66.177
09_14,81.205.66.177
09_14,81.205.66.177
09_14,140.248.30.0
09_14,140.248.30.0
09_14,140.248.30.0
09_14,45.148.10.242
09_14,45.148.10.242
09_14,45.148.10.242
09_14,161.35.166.0
09_14,173.207.18.127
09_14,173.207.18.127
09_14,173.207.18.127
09_14,46.193.56.201
09_14,46.193.56.201
09_14,46.193.56.201
09_14,46.193.56.201
09_14,50.71.200.133
09_14,37.76.26.64
09_14,37.76.26.64
09_14,37.76.26.64
09_14,37.76.26.64
09_14,37.76.26.64
09_14,37.76.26.64
09_14,37.76.26.64
09_14,37.76.26.64
09_14,37.76.26.64
09_14,37.76.26.64
09_14,37.76.26.64
09_14,37.76.26.64
09_14,37.76.26.64
09_14,37.76.26.64
09_14,37.76.26.64
09_14,37.76.26.64
09_14,37.76.26.64
09_14,37.76.26.64
09_14,37.76.26.64
09_14,37.76.26.64
09_14,37.76.26.64
09_14,37.76.26.64
09_14,37.76.26.64
09_14,37.76.26.64
09_14,135.125.244.48
09_14,37.76.26.64
09_14,37.76.26.64
09_14,37.76.26.64
09_14,37.76.26.64
09_14,37.76.26.64
09_14,37.76.26.64
09_14,139.59.92.140
09_14,139.59.92.140
09_14,139.59.92.140
09_14,139.59.92.140
09_14,37.76.26.64
09_14,37.76.26.64
09_14,37.76.26.64
09_14,135.125.244.48
09_14,139.59.92.140
09_14,139.59.92.140
09_14,139.59.92.140
09_14,139.59.92.140
09_14,139.59.92.140
09_14,139.59.92.140
09_14,139.59.92.140
09_14,139.59.92.140
09_14,139.59.92.140
09_14,139.59.92.140
09_14,37.76.26.64
09_14,37.76.26.64
09_14,37.76.26.64
09_14,139.59.92.140
09_14,37.76.26.64
09_14,139.59.92.140
09_14,139.59.92.140
09_14,37.76.26.64
09_14,37.76.26.64
09_14,139.59.92.140
09_14,139.59.92.140
09_14,135.125.246.110
09_14,135.125.246.110
09_14,176.93.145.67
09_14,176.93.145.67
09_14,95.223.107.132
09_14,95.223.107.132
09_14,72.192.19.177
09_14,72.192.19.177
09_14,72.192.19.177
09_14,158.62.11.219
09_14,72.192.19.177
09_14,72.192.19.177
09_14,72.192.19.177
09_14,143.244.47.82
09_14,46.193.56.201
09_14,46.193.56.201
09_14,46.193.56.201
09_14,46.193.56.201
09_14,46.193.56.201
09_14,46.193.56.201
09_14,46.193.56.201
09_14,46.193.56.201
09_14,46.193.56.201
09_14,46.193.56.201
09_14,46.193.56.201
09_14,46.193.56.201
09_14,46.193.56.201
09_14,24.194.143.200
09_14,24.194.143.200
09_14,24.194.143.200
09_14,24.194.143.200
09_14,24.194.143.200
09_14,24.194.143.200
09_14,24.194.143.200
09_14,24.194.143.200
09_14,24.194.143.200
09_14,24.194.143.200
09_14,24.194.143.200
09_14,24.194.143.200
09_14,24.194.143.200
09_14,24.194.143.200
09_14,24.194.143.200
09_14,24.194.143.200
09_14,24.194.143.200
09_14,70.67.1.136
09_14,46.112.4.199
09_14,46.112.4.199
09_14,46.112.4.199
09_14,46.112.4.199
09_14,46.112.4.199
09_14,46.112.4.199
09_14,46.112.4.199
09_14,46.112.4.199
09_14,46.112.4.199
09_14,46.112.4.199
09_14,46.112.4.199
09_14,46.112.4.199
09_14,46.112.4.199
09_14,46.112.4.199
09_14,46.112.4.199
09_14,46.112.4.199
09_14,46.112.4.199
09_14,46.112.4.199
09_14,46.112.4.199
09_14,46.112.4.199
09_14,46.193.56.201
09_14,46.112.4.199
09_14,71.123.42.208
09_14,71.123.42.208
09_14,71.123.42.208
09_14,71.123.42.208
09_14,71.123.42.208
09_14,71.123.42.208
09_14,71.123.42.208
09_14,71.123.42.208
09_14,71.123.42.208
09_14,71.123.42.208
09_14,71.123.42.208
09_14,71.123.42.208
09_14,71.123.42.208
09_14,71.123.42.208
09_14,71.123.42.208
09_14,71.123.42.208
09_14,71.123.42.208
09_14,71.123.42.208
09_14,71.123.42.208
09_14,71.123.42.208
09_14,71.123.42.208
09_14,71.123.42.208
09_14,71.123.42.208
09_14,71.123.42.208
09_14,71.123.42.208
09_14,71.123.42.208
09_14,71.123.42.208
09_14,71.123.42.208
09_14,71.123.42.208
09_14,71.123.42.208
09_14,71.123.42.208
09_14,71.123.42.208
09_14,71.123.42.208
09_14,71.123.42.208
09_14,71.123.42.208
09_14,71.123.42.208
09_14,71.123.42.208
09_14,45.135.232.70
09_14,45.135.232.70
09_14,45.135.232.70
09_14,45.135.232.70
09_14,45.135.232.70
09_14,45.135.232.70
09_14,45.135.232.70
09_14,45.135.232.70
09_14,45.135.232.70
09_14,45.135.232.70
09_14,173.207.18.127
09_14,35.203.210.216
09_14,35.203.210.216
09_14,35.203.210.216
09_14,35.203.210.216
09_14,35.203.210.216
09_14,35.203.210.216
09_14,51.89.5.185
09_14,51.89.5.185
09_14,178.194.110.244
09_14,178.194.110.244
09_14,178.194.110.244
09_14,178.194.110.244
09_14,178.194.110.244
09_14,178.194.110.244
09_14,178.194.110.244
09_14,108.46.74.164
09_14,108.46.74.164
09_14,173.207.18.127
09_14,173.207.18.127
09_14,5.189.172.158
09_14,135.125.246.110
09_14,135.125.246.110
09_14,89.134.18.167
09_14,104.191.2.108
09_14,104.191.2.108
09_14,104.191.2.108
09_14,104.191.2.108
09_14,47.202.234.171
09_14,166.205.159.38
09_14,107.172.34.27
09_14,109.42.178.34
09_14,109.42.178.34
09_14,109.42.178.34
09_14,109.42.178.34
09_14,219.79.95.64
09_14,219.79.95.64
09_14,219.79.95.64
09_14,219.79.95.64
09_14,219.79.95.64
09_14,219.79.95.64
09_14,219.79.95.64
09_14,219.79.95.64
09_14,219.79.95.64
09_14,219.79.95.64
09_14,219.79.95.64
09_14,219.79.95.64
09_14,219.79.95.64
09_14,219.79.95.64
09_14,219.79.95.64
09_14,219.79.95.64
09_14,219.79.95.64
09_14,219.79.95.64
09_14,219.79.95.64
09_14,219.79.95.64
09_14,173.207.18.127
09_14,173.207.18.127
09_14,219.79.95.64
09_14,219.79.95.64
09_14,219.79.95.64
09_14,219.79.95.64
09_14,219.79.95.64
09_14,219.79.95.64
09_14,219.79.95.64
09_14,206.168.34.210
09_14,206.168.34.210
09_14,206.168.34.210
09_14,223.176.58.113
09_14,5.189.172.158
09_14,206.168.34.210
09_14,206.168.34.210
09_14,89.7.19.157
09_14,89.7.19.157
09_14,89.7.19.157
09_14,89.7.19.157
09_14,67.180.153.74
09_14,67.180.153.74
09_14,67.180.153.74
09_14,67.180.153.74
09_14,67.180.153.74
09_14,67.180.153.74
09_14,67.180.153.74
09_14,67.180.153.74
09_14,67.180.153.74
09_14,67.180.153.74
09_14,67.180.153.74
09_14,67.180.153.74
09_14,67.180.153.74
09_14,67.180.153.74
09_14,67.180.153.74
09_14,67.180.153.74
09_14,67.180.153.74
09_14,67.180.153.74
09_14,67.180.153.74
09_14,67.180.153.74
09_14,67.180.153.74
09_14,205.210.31.139
09_14,205.210.31.139
09_14,101.56.106.26
09_14,101.56.106.26
09_14,101.56.106.26
09_14,101.56.106.26
09_14,101.56.106.26
09_14,101.56.106.26
09_14,101.56.106.26
09_14,101.56.106.26
09_14,101.56.106.26
09_14,101.56.106.26
09_14,101.56.106.26
09_14,101.56.106.26
09_14,101.56.106.26
09_14,101.56.106.26
09_14,101.56.106.26
09_14,99.67.194.244
09_14,99.67.194.244
09_14,99.67.194.244
09_14,99.67.194.244
09_14,99.67.194.244
09_14,99.67.194.244
09_14,99.67.194.244
09_14,99.67.194.244
09_14,99.67.194.244
09_14,99.67.194.244
09_14,99.67.194.244
09_14,99.67.194.244
09_14,99.67.194.244
09_14,99.67.194.244
09_14,95.223.107.132
09_14,130.45.36.100
09_14,130.45.36.100
09_14,130.45.36.100
09_14,166.198.28.124
09_14,130.45.36.100
09_14,130.45.36.100
09_14,135.125.244.48
09_14,135.125.244.48
09_14,135.125.244.48
09_14,135.125.244.48
09_14,24.84.245.1
09_14,54.36.112.44
09_14,54.36.112.44
09_14,89.74.159.178
09_14,70.68.170.58
09_14,70.68.170.58
09_14,70.68.170.58
09_14,70.68.170.58
09_14,70.68.170.58
09_14,70.68.170.58
09_14,70.68.170.58
09_14,70.68.170.58
09_14,70.68.170.58
09_14,70.68.170.58
09_14,70.68.170.58
09_14,70.68.170.58
09_14,70.68.170.58
09_14,70.68.170.58
09_14,70.68.170.58
09_14,104.28.88.131
09_14,70.68.170.58
09_14,70.68.170.58
09_14,70.68.170.58
09_14,70.68.170.58
09_14,70.68.170.58
09_14,70.68.170.58
09_14,45.156.129.57
09_14,135.125.244.48
09_14,135.125.244.48
09_14,223.113.128.149
09_14,223.113.128.149
09_14,223.113.128.149
09_14,223.113.128.149
09_14,94.31.69.194
09_14,223.113.128.149
09_14,223.113.128.149
09_14,223.113.128.149
09_14,71.6.134.230
09_14,37.76.26.64
09_14,37.76.26.64
09_14,37.76.26.64
09_14,37.76.26.64
09_14,37.76.26.64
09_14,37.76.26.64
09_14,37.76.26.64
09_14,84.0.76.22
09_14,84.0.76.22
09_14,84.0.76.22
09_14,84.0.76.22
09_14,84.0.76.22
09_14,84.0.76.22
09_14,84.0.76.22
09_14,84.0.76.22
09_14,84.0.76.22
09_14,84.0.76.22
09_14,8.213.227.121
09_14,8.213.227.121
09_14,8.213.227.121
09_14,8.213.227.121
09_14,8.213.227.121
09_14,8.213.227.121
09_14,24.84.245.1
09_14,64.189.111.130
09_14,64.189.111.130
09_14,64.189.111.130
09_14,64.189.111.130
09_14,64.189.111.130
09_14,64.189.111.130
09_14,64.189.111.130
09_14,64.189.111.130
09_14,64.189.111.130
09_14,64.189.111.130
09_14,64.189.111.130
09_14,64.189.111.130
09_14,64.189.111.130
09_14,64.189.111.130
09_14,64.189.111.130
09_14,64.189.111.130
09_14,64.189.111.130
09_14,64.189.111.130
09_14,64.189.111.130
09_14,64.189.111.130
09_14,185.16.39.118
09_14,64.189.111.130
09_14,87.81.31.150
09_14,87.81.31.150
09_14,87.81.31.150
09_14,135.125.246.110
09_14,135.125.246.110
09_14,173.207.18.127
09_14,37.76.26.64
09_14,37.76.26.64
09_14,37.76.26.64
09_14,37.76.26.64
09_14,37.76.26.64
09_14,37.76.26.64
09_14,37.76.26.64
09_14,37.76.26.64
09_14,37.76.26.64
09_14,37.76.26.64
09_14,37.76.26.64
09_14,37.76.26.64
09_14,37.76.26.64
09_14,37.76.26.64
09_14,37.76.26.64
09_14,37.76.26.64
09_14,37.76.26.64
09_14,37.76.26.64
09_14,37.76.26.64
09_14,37.76.26.64
09_14,37.76.26.64
09_14,37.76.26.64
09_14,37.76.26.64
09_14,37.76.26.64
09_14,37.76.26.64
09_14,37.76.26.64
09_14,37.76.26.64
09_14,37.76.26.64
09_14,37.76.26.64
09_14,37.76.26.64
09_14,37.76.26.64
09_14,37.76.26.64
09_14,37.76.26.64
09_14,37.76.26.64
09_14,37.76.26.64
09_14,37.76.26.64
09_14,37.76.26.64
09_14,37.76.26.64
09_14,37.76.26.64
09_14,37.76.26.64
09_14,37.76.26.64
09_14,37.76.26.64
09_14,37.76.26.64
09_14,37.76.26.64
09_14,51.89.5.185
09_14,51.89.5.185
09_14,158.62.11.219
09_14,46.174.191.32
09_14,2.216.67.32
09_14,2.216.67.32
09_14,24.84.245.1
09_14,24.84.245.1
09_14,24.84.245.1
09_14,24.84.245.1
09_14,8.19.228.72
09_14,8.19.228.72
09_14,162.233.101.141
09_14,64.189.111.130
09_14,64.189.111.130
09_14,8.19.228.72
09_14,135.125.244.48
09_14,135.125.244.48
09_14,99.67.194.244
09_14,99.67.194.244
09_14,99.67.194.244
09_14,99.67.194.244
09_14,57.152.56.107
09_14,24.84.245.1
09_14,135.125.246.110
09_14,135.125.246.110
09_14,212.66.222.134
09_14,45.84.89.2
09_14,93.174.95.106
09_14,93.174.95.106
09_14,93.174.95.106
09_14,93.174.95.106
09_14,93.174.95.106
09_14,172.206.140.226
09_14,173.207.18.127
09_14,173.207.18.127
09_14,173.207.18.127
09_14,95.223.107.132
09_14,95.223.107.132
09_14,172.253.192.240
09_14,172.253.192.240
09_14,172.253.192.240
09_14,172.253.192.240
09_14,172.253.192.240
09_14,172.253.192.240
09_14,172.253.192.240
09_14,172.253.192.240
09_14,172.253.192.240
09_14,172.253.192.240
09_14,172.253.192.119
09_14,185.224.128.187
09_14,185.224.128.187
09_14,173.207.18.127
09_14,180.150.39.152
09_14,180.150.39.152
09_14,180.150.39.152
09_14,180.150.39.152
09_14,180.150.39.152
09_14,180.150.39.152
09_14,180.150.39.152
09_14,180.150.39.152
09_14,180.150.39.152
09_14,180.150.39.152
09_14,180.150.39.152
09_14,180.150.39.152
09_14,180.150.39.152
09_14,180.150.39.152
09_14,180.150.39.152
09_14,180.150.39.152
09_14,180.150.39.152
09_14,180.150.39.152
09_14,173.207.18.127
09_14,173.207.18.127
09_14,205.210.31.148
09_14,178.197.199.208
09_14,173.207.18.127
09_14,173.207.18.127
09_14,173.207.18.127
09_14,24.84.245.1
09_14,205.169.39.14
09_14,12.75.216.91
09_14,216.46.146.202
09_14,193.32.162.34
09_14,72.192.19.177
09_14,80.192.3.231
09_14,80.192.3.231
09_14,80.192.3.231
09_14,80.192.3.231
09_14,205.185.125.57
09_14,185.224.128.47
09_14,212.252.141.156
09_14,212.252.141.156
09_14,212.252.141.156
09_14,212.252.141.156
09_14,212.252.141.156
09_14,212.252.141.156
09_14,212.252.141.156
09_14,212.252.141.156
09_14,212.252.141.156
09_14,212.252.141.156
09_14,212.252.141.156
09_14,212.252.141.156
09_14,212.252.141.156
09_14,212.252.141.156
09_14,212.252.141.156
09_14,212.252.141.156
09_14,212.252.141.156
09_14,212.252.141.156
09_14,212.252.141.156
09_14,212.252.141.156
09_14,110.235.234.65
09_14,118.193.45.235
09_14,118.193.45.235
09_14,118.193.45.235
09_14,135.125.244.48
09_14,135.125.244.48
09_14,162.233.101.141
09_14,162.233.101.141
09_14,162.233.101.141
09_14,173.207.18.127
09_14,173.207.18.127
09_14,135.125.244.52
09_14,135.125.244.52
09_14,81.101.113.58
09_14,81.101.113.58
09_14,81.101.113.58
09_14,81.101.113.58
09_14,81.101.113.58
09_14,81.101.113.58
09_14,81.101.113.58
09_14,81.101.113.58
09_14,81.101.113.58
09_14,81.101.113.58
09_14,81.101.113.58
09_14,81.101.113.58
09_14,81.101.113.58
09_14,64.189.111.130
09_14,8.19.228.72
09_14,185.254.196.173
09_14,185.254.196.173
09_14,212.66.222.134
09_14,2.216.67.32
09_14,173.207.18.127
09_14,173.207.18.127
09_14,173.207.18.127
09_14,180.150.39.152
09_14,180.150.39.152
09_14,180.150.39.152
09_14,173.207.18.127
09_14,173.207.18.127
09_14,173.207.18.127
09_14,180.150.39.152
09_14,173.207.18.127
09_14,173.207.18.127
09_14,173.207.18.127
09_14,64.189.111.130
09_14,64.189.111.130
09_14,185.254.196.173
09_14,71.73.20.240
09_14,71.73.20.240
09_14,46.193.56.201
09_14,172.86.19.47
09_14,172.86.19.47
09_14,172.86.19.47
09_14,172.86.19.47
09_14,172.86.19.47
09_14,172.86.19.47
09_14,172.86.19.47
09_14,8.216.90.89
09_14,8.216.90.89
09_14,45.135.232.70
09_14,45.135.232.70
09_14,173.207.18.127
09_14,173.207.18.127
09_14,173.207.18.127
09_14,83.97.73.245
09_14,61.3.217.61
09_14,36.50.176.85
09_14,104.28.88.132
09_14,35.203.211.129
09_14,173.207.18.127
09_14,173.207.18.127
09_14,93.174.93.12
09_14,172.59.187.171
09_14,99.67.194.244
09_14,99.67.194.244
09_14,99.67.194.244
09_14,212.66.222.134
09_14,212.66.222.134
09_14,43.130.32.245
09_14,212.66.222.134
09_14,172.168.40.58
09_14,104.28.50.193
09_14,104.28.50.193
09_14,104.28.50.193
09_14,104.28.50.193
09_14,24.93.174.166
09_14,24.93.174.166
09_14,24.93.174.166
09_14,24.93.174.166
09_14,24.93.174.166
09_14,24.93.174.166
09_14,24.93.174.166
09_14,24.93.174.166
09_14,24.93.174.166
09_14,24.93.174.166
09_14,24.93.174.166
09_14,24.93.174.166
09_14,24.93.174.166
09_14,24.93.174.166
09_14,24.93.174.166
09_14,24.93.174.166
09_14,24.93.174.166
09_14,24.93.174.166
09_14,24.93.174.166
09_14,174.229.95.82
09_14,185.242.226.88
09_14,174.229.95.82
09_14,80.82.77.202
09_14,180.214.238.55
09_14,180.214.238.55
09_14,180.214.238.55
09_14,180.214.238.55
09_14,87.81.31.150
09_14,87.81.31.150
09_14,87.81.31.150
09_14,87.81.31.150
09_14,87.81.31.150
09_14,87.81.31.150
09_14,87.81.31.150
09_14,87.81.31.150
09_14,87.81.31.150
09_14,45.135.232.70
09_14,130.45.36.100
09_14,185.16.39.118
09_14,64.189.111.130
09_14,64.189.111.130
09_14,64.189.111.130
09_14,109.42.179.136
09_14,109.42.179.136
09_14,109.42.179.136
09_14,109.42.179.136
09_14,109.42.179.136
09_14,109.42.179.136
09_14,109.42.179.136
09_14,109.42.179.136
09_14,109.42.179.136
09_14,109.42.179.136
09_14,109.42.179.136
09_14,173.207.18.127
09_14,173.207.18.127
09_14,109.42.179.136
09_14,109.42.179.136
09_14,109.42.179.136
09_14,109.42.179.136
09_14,109.42.179.136
09_14,109.42.179.136
09_14,216.46.146.202
09_14,216.46.146.202
09_14,216.46.146.202
09_14,216.46.146.202
09_14,216.46.146.202
09_14,109.42.179.136
09_14,109.42.179.136
09_14,216.46.146.202
09_14,109.42.179.136
09_14,109.42.179.136
09_14,109.42.179.136
09_14,109.42.179.136
09_14,216.46.146.202
09_14,216.46.146.202
09_14,216.46.146.202
09_14,216.46.146.202
09_14,216.46.146.202
09_14,216.46.146.202
09_14,216.46.146.202
09_14,216.46.146.202
09_14,216.46.146.202
09_14,216.46.146.202
09_14,216.46.146.202
09_14,216.46.146.202
09_14,216.46.146.202
09_14,216.46.146.202
09_14,216.46.146.202
09_14,216.46.146.202
09_14,216.46.146.202
09_14,216.46.146.202
09_14,216.46.146.202
09_14,109.42.179.136
09_14,109.42.179.136
09_14,109.42.179.136
09_14,109.42.179.136
09_14,216.46.146.202
09_14,216.46.146.202
09_14,216.46.146.202
09_14,104.28.88.132
09_14,104.28.88.132
09_14,185.180.140.4
09_14,45.156.128.45
09_14,178.211.139.188
09_14,207.246.126.50
09_14,72.192.19.177
09_14,72.192.19.177
09_14,72.192.19.177
09_14,135.125.244.48
09_14,135.125.244.48
09_14,51.155.81.221
09_14,51.155.81.221
09_14,51.155.81.221
09_14,51.155.81.221
09_14,51.155.81.221
09_14,51.155.81.221
09_14,51.155.81.221
09_14,51.155.81.221
09_14,51.155.81.221
09_14,35.86.198.137
09_14,35.86.198.137
09_14,35.86.198.137
09_14,178.197.199.208
09_14,98.114.148.20
09_14,98.114.148.20
09_14,98.114.148.20
09_14,98.114.148.20
09_14,98.114.148.20
09_14,98.114.148.20
09_14,98.114.148.20
09_14,98.114.148.20
09_14,98.114.148.20
09_14,98.114.148.20
09_14,98.114.148.20
09_14,98.114.148.20
09_14,98.114.148.20
09_14,98.114.148.20
09_14,98.114.148.20
09_14,98.114.148.20
09_14,98.114.148.20
09_14,98.114.148.20
09_14,98.114.148.20
09_14,98.114.148.20
09_14,98.114.148.20
09_14,98.114.148.20
09_14,98.114.148.20
09_14,98.114.148.20
09_14,109.146.238.213
09_14,109.146.238.213
09_14,109.146.238.213
09_14,109.146.238.213
09_14,43.143.28.57
09_14,174.229.95.82
09_14,109.146.238.213
09_14,124.104.59.153
09_14,124.104.59.153
09_14,124.104.59.153
09_14,124.104.59.153
09_14,124.104.59.153
09_14,124.104.59.153
09_14,124.104.59.153
09_14,124.104.59.153
09_14,124.104.59.153
09_14,124.104.59.153
09_14,124.104.59.153
09_14,124.104.59.153
09_14,124.104.59.153
09_14,124.104.59.153
09_14,124.104.59.153
09_14,124.104.59.153
09_14,124.104.59.153
09_14,166.198.28.124
09_14,166.198.28.124
09_14,124.104.59.153
09_14,124.104.59.153
09_14,124.104.59.153
09_14,124.104.59.153
09_14,124.104.59.153
09_14,124.104.59.153
09_14,124.104.59.153
09_14,124.104.59.153
09_14,124.104.59.153
09_14,220.202.112.103
09_14,173.207.18.127
09_14,173.207.18.127
09_14,173.207.18.127
09_14,172.58.208.203
09_14,172.58.208.203
09_14,24.93.174.166
09_14,92.40.213.143
09_14,92.40.213.143
09_14,94.2.24.163
09_14,64.229.151.76
09_14,46.193.56.201
09_14,172.59.187.171
09_14,172.59.187.171
09_14,172.59.187.171
09_14,172.59.187.171
09_14,172.59.187.171
09_14,172.59.187.171
09_14,172.59.187.171
09_14,172.59.187.171
09_14,172.59.187.171
09_14,172.59.187.171
09_14,213.32.122.82
09_14,73.4.197.32
09_14,73.4.197.32
09_14,73.4.197.32
09_14,73.4.197.32
09_14,73.4.197.32
09_14,73.4.197.32
09_14,73.4.197.32
09_14,73.4.197.32
09_14,73.4.197.32
09_14,73.4.197.32
09_14,73.4.197.32
09_14,73.4.197.32
09_14,73.4.197.32
09_14,73.4.197.32
09_14,73.4.197.32
09_14,73.4.197.32
09_14,172.59.187.215
09_14,73.4.197.32
09_14,172.59.187.215
09_14,8.19.228.72
09_14,8.19.228.72
09_14,64.189.111.130
09_14,78.55.88.5
09_14,78.55.88.5
09_14,78.55.88.5
09_14,78.55.88.5
09_14,78.55.88.5
09_14,8.19.228.72
09_14,8.19.228.72
09_14,8.19.228.72
09_14,8.19.228.72
09_14,8.19.228.72
09_14,64.189.111.130
09_14,78.55.88.5
09_14,78.55.88.5
09_14,78.55.88.5
09_14,78.55.88.5
09_14,78.55.88.5
09_14,78.55.88.5
09_14,78.55.88.5
09_14,78.55.88.5
09_14,78.55.88.5
09_14,78.55.88.5
09_14,78.55.88.5
09_14,78.55.88.5
09_14,192.42.116.203
09_14,198.235.24.129
09_14,12.75.216.91
09_14,12.75.216.91
09_14,12.75.216.91
09_14,12.75.216.91
09_14,12.75.216.91
09_14,178.197.199.208
09_14,178.197.199.208
09_14,74.125.210.131
09_14,74.125.210.130
09_14,74.125.210.130
09_14,74.125.210.130
09_14,74.125.210.131
09_14,74.125.210.130
09_14,74.125.210.130
09_14,74.125.210.129
09_14,74.125.210.129
09_14,70.67.1.136
09_14,70.67.1.136
09_14,70.67.1.136
09_14,70.67.1.136
09_14,70.67.1.136
09_14,70.67.1.136
09_14,70.67.1.136
09_14,70.67.1.136
09_14,70.67.1.136
09_14,70.67.1.136
09_14,70.67.1.136
09_14,70.67.1.136
09_14,70.67.1.136
09_14,70.67.1.136
09_14,173.207.18.127
09_14,173.207.18.127
09_14,173.207.18.127
09_14,45.84.89.2
09_14,140.248.30.105
09_14,140.248.30.105
09_14,73.141.9.77
09_14,64.189.111.130
09_14,173.207.18.127
09_14,173.207.18.127
09_14,185.16.39.118
09_14,104.56.175.216
09_14,104.56.175.216
09_14,104.56.175.216
09_14,104.56.175.216
09_14,104.56.175.216
09_14,173.207.18.127
09_14,173.207.18.127
09_14,38.147.246.199
09_14,38.147.246.199
09_14,223.113.128.149
09_14,223.113.128.149
09_14,223.113.128.149
09_14,223.113.128.149
09_14,223.113.128.149
09_14,223.113.128.149
09_14,38.147.246.199
09_14,223.113.128.149
09_14,37.76.26.64
09_14,37.76.26.64
09_14,37.76.26.64
09_14,35.86.198.137
09_14,158.62.11.219
09_14,158.62.11.219
09_14,158.62.11.219
09_14,158.62.11.219
09_14,158.62.11.219
09_14,158.62.11.219
09_14,158.62.11.219
09_14,158.62.11.219
09_14,158.62.11.219
09_14,158.62.11.219
09_14,158.62.11.219
09_14,158.62.11.219
09_14,158.62.11.219
09_14,158.62.11.219
09_14,158.62.11.219
09_14,158.62.11.219
09_14,158.62.11.219
09_14,158.62.11.219
09_14,158.62.11.219
09_14,158.62.11.219
09_14,72.192.19.177
09_14,72.192.19.177
09_14,72.192.19.177
09_14,72.192.19.177
09_14,72.192.19.177
09_14,72.192.19.177
09_14,72.192.19.177
09_14,72.192.19.177
09_14,72.192.19.177
09_14,72.192.19.177
09_14,72.192.19.177
09_14,72.192.19.177
09_14,72.192.19.177
09_14,72.192.19.177
09_14,72.192.19.177
09_14,72.192.19.177
09_14,72.192.19.177
09_14,185.224.128.47
09_14,193.32.162.34
09_14,166.198.28.124
09_14,166.198.28.124
09_14,185.254.196.173
09_14,172.58.210.205
09_14,172.58.210.205
09_14,185.254.196.173
09_14,118.26.39.231
09_14,118.26.39.231
09_14,118.26.39.231
09_14,118.26.39.231
09_14,118.26.39.231
09_14,185.254.196.173
09_14,64.229.151.76
09_14,64.229.151.76
09_14,64.229.151.76
09_14,64.229.151.76
09_14,64.229.151.76
09_14,64.229.151.76
09_14,64.229.151.76
09_14,64.229.151.76
09_14,64.229.151.76
09_14,64.229.151.76
09_14,64.229.151.76
09_14,64.229.151.76
09_14,64.229.151.76
09_14,64.229.151.76
09_14,64.229.151.76
09_14,64.229.151.76
09_14,64.229.151.76
09_14,64.229.151.76
09_14,138.43.188.153
09_14,138.43.188.153
09_14,138.43.188.153
09_14,138.43.188.153
09_14,138.43.188.153
09_14,138.43.188.153
09_14,138.43.188.153
09_14,138.43.188.153
09_14,94.31.69.194
09_14,173.207.18.127
09_14,173.207.18.127
09_14,51.89.5.185
09_14,51.89.5.185
09_14,173.207.18.127
09_14,173.207.18.127
09_14,173.207.18.127
09_14,45.33.80.243
09_14,140.248.30.105
09_14,89.152.193.124
09_14,89.152.193.124
09_14,89.152.193.124
09_14,89.152.193.124
09_14,89.152.193.124
09_14,89.152.193.124
09_14,89.152.193.124
09_14,89.152.193.124
09_14,89.152.193.124
09_14,95.214.55.138
09_14,89.152.193.124
09_14,89.152.193.124
09_14,89.152.193.124
09_14,89.152.193.124
09_14,89.152.193.124
09_14,89.152.193.124
09_14,89.152.193.124
09_14,3.127.230.104
09_14,3.127.230.104
09_14,185.254.196.173
09_14,51.89.5.185
09_14,51.89.5.185
09_14,92.40.213.143
09_14,92.40.213.143
09_14,92.40.213.143
09_14,92.40.213.143
09_14,92.40.213.143
09_14,92.40.213.143
09_14,92.40.213.143
09_14,92.40.213.143
09_14,92.40.213.143
09_14,92.40.213.143
09_14,92.40.213.143
09_14,92.40.213.143
09_14,92.40.213.143
09_14,92.40.213.143
09_14,92.40.213.143
09_14,92.40.213.143
09_14,92.40.213.143
09_14,92.40.213.143
09_14,98.61.68.20
09_14,99.30.15.8
09_14,99.30.15.8
09_14,99.30.15.8
09_14,166.198.28.124
09_14,166.198.28.124
09_14,166.198.28.124
09_14,166.198.28.124
09_14,166.198.28.124
09_14,166.198.28.124
09_14,166.198.28.124
09_14,172.56.92.32
09_14,172.56.92.32
09_14,172.56.92.32
09_14,172.56.92.32
09_14,172.56.92.32
09_14,172.56.92.32
09_14,172.56.92.32
09_14,166.198.28.124
09_14,166.198.28.124
09_14,166.198.28.124
09_14,172.56.92.32
09_14,138.68.153.178
09_14,185.224.128.47
09_14,35.86.198.137
09_14,35.86.198.137
09_14,35.86.198.137
09_14,89.74.159.178
09_14,89.74.159.178
09_14,89.74.159.178
09_14,89.74.159.178
09_14,89.74.159.178
09_14,89.74.159.178
09_14,89.74.159.178
09_14,89.74.159.178
09_14,89.74.159.178
09_14,89.74.159.178
09_14,89.74.159.178
09_14,89.74.159.178
09_14,89.74.159.178
09_14,89.74.159.178
09_14,89.74.159.178
09_14,104.28.88.131
09_14,24.114.105.1
09_14,24.114.105.1
09_14,24.114.105.1
09_14,87.81.31.150
09_14,98.61.68.20
09_14,98.61.68.20
09_14,98.61.68.20
09_14,168.197.232.128
09_14,168.197.232.128
09_14,168.197.232.128
09_14,93.174.93.12
09_14,45.84.89.2
09_14,139.59.79.155
09_14,139.59.79.155
09_14,37.76.26.64
09_14,192.158.30.200
09_14,99.30.15.8
09_14,99.30.15.8
09_14,99.30.15.8
09_14,99.30.15.8
09_14,99.30.15.8
09_14,99.30.15.8
09_14,99.30.15.8
09_14,99.30.15.8
09_14,99.30.15.8
09_14,99.30.15.8
09_14,99.30.15.8
09_14,99.30.15.8
09_14,99.30.15.8
09_14,99.30.15.8
09_14,135.125.246.110
09_14,135.125.246.110
09_14,172.58.208.177
09_14,172.58.208.177
09_14,94.31.69.194
09_14,94.31.69.194
09_14,94.31.69.194
09_14,94.31.69.194
09_14,94.31.69.194
09_14,178.197.198.208
09_14,81.101.113.58
09_14,81.101.113.58
09_14,81.101.113.58
09_14,81.101.113.58
09_14,81.101.113.58
09_14,149.22.220.226
09_14,149.22.220.226
09_14,149.22.220.226
09_14,104.28.88.133
09_14,104.28.88.133
09_14,104.28.88.133
09_14,104.28.88.133
09_14,104.28.88.133
09_14,104.28.88.133
09_14,104.28.88.133
09_14,104.28.88.133
09_14,185.224.128.59
09_14,185.224.128.59
09_14,173.207.18.127
09_14,122.199.7.22
09_14,122.199.7.22
09_14,122.199.7.22
09_14,122.199.7.22
09_14,122.199.7.22
09_14,122.199.7.22
09_14,122.199.7.22
09_14,122.199.7.22
09_14,122.199.7.22
09_14,122.199.7.22
09_14,122.199.7.22
09_14,122.199.7.22
09_14,122.199.7.22
09_14,122.199.7.22
09_14,122.199.7.22
09_14,122.199.7.22
09_14,122.199.7.22
09_14,178.197.199.208
09_14,178.197.199.208
09_14,104.28.104.109
09_14,104.28.104.109
09_14,104.28.104.109
09_14,104.28.104.109
09_14,104.28.104.109
09_14,104.28.104.109
09_14,104.28.104.109
09_14,178.197.199.208
09_14,178.197.199.208
09_14,178.197.199.208
09_14,178.197.199.208
09_14,178.197.199.208
09_14,178.197.199.208
09_14,178.197.199.208
09_14,178.197.199.208
09_14,178.197.199.208
09_14,34.140.203.88
09_14,134.139.201.168
09_14,134.139.201.168
09_14,45.156.129.57
09_14,72.192.19.177
09_14,72.192.19.177
09_14,72.192.19.177
09_14,54.36.112.44
09_14,54.36.112.44
09_14,50.71.200.133
09_14,50.71.200.133
09_14,38.147.246.199
09_14,38.147.246.199
09_14,94.31.69.194
09_14,38.147.246.199
09_14,35.86.198.137
09_14,35.86.198.137
09_14,35.86.198.137
09_14,35.86.198.137
09_14,172.89.27.62
09_14,35.86.198.137
09_14,35.86.198.137
09_14,109.146.238.213
09_14,109.146.238.213
09_14,162.233.101.141
09_14,162.233.101.141
09_14,162.233.101.141
09_14,212.252.141.156
09_14,212.252.141.156
09_14,212.252.141.156
09_14,212.252.141.156
09_14,212.252.141.156
09_14,212.252.141.156
09_14,109.42.178.34
09_14,134.139.201.168
09_14,135.125.246.110
09_14,135.125.246.110
09_14,104.28.88.132
09_14,104.28.88.132
09_14,104.28.88.132
09_14,135.125.246.110
09_14,135.125.246.110
09_14,50.6.171.42
09_14,50.6.171.42
09_14,50.6.171.42
09_14,50.6.171.42
09_14,50.6.171.42
09_14,197.49.101.222
09_14,77.98.68.242
09_14,77.98.68.242
09_14,77.98.68.242
09_14,77.98.68.242
09_14,77.98.68.242
09_14,77.98.68.242
09_14,77.98.68.242
09_14,77.98.68.242
09_14,77.98.68.242
09_14,77.98.68.242
09_14,77.98.68.242
09_14,77.98.68.242
09_14,77.98.68.242
09_14,77.98.68.242
09_14,77.98.68.242
09_14,77.98.68.242
09_14,77.98.68.242
09_14,77.98.68.242
09_14,77.98.68.242
09_14,77.98.68.242
09_14,77.98.68.242
09_14,81.101.113.58
09_14,185.16.39.118
09_14,170.187.238.166
09_14,212.252.141.156
09_14,155.186.220.166
09_14,172.58.211.49
09_14,172.58.211.49
09_14,166.198.28.124
09_14,166.198.28.124
09_14,166.198.28.124
09_14,166.198.28.124
09_14,166.198.28.124
09_14,166.198.28.124
09_14,166.198.28.124
09_14,166.198.28.124
09_14,166.198.28.124
09_14,166.198.28.124
09_14,166.198.28.124
09_14,172.58.211.49
09_14,173.207.18.127
09_14,173.207.18.127
09_14,47.202.234.171
09_14,173.207.18.127
09_14,166.198.28.124
09_14,213.32.39.41
09_14,98.61.68.20
09_14,98.61.68.20
09_14,135.125.246.110
09_14,135.125.246.110
09_14,178.197.198.208
09_14,178.197.198.208
09_14,178.197.198.208
09_14,178.197.198.208
09_14,178.197.198.208
09_14,178.197.198.208
09_14,178.197.198.208
09_14,178.197.198.208
09_14,178.197.198.208
09_14,178.197.198.208
09_14,66.240.205.34
09_14,89.7.19.157
09_14,89.7.19.157
09_14,89.7.19.157
09_14,89.7.19.157
09_14,37.210.32.48
09_14,37.210.32.48
09_14,37.210.32.48
09_14,135.125.244.52
09_14,135.125.244.52
09_14,37.210.32.48
09_14,36.50.176.85
09_14,43.130.3.122
09_14,5.147.245.66
09_14,5.147.245.66
09_14,172.58.10.28
09_14,173.207.18.127
09_14,173.207.18.127
09_14,89.152.193.124
09_14,89.152.193.124
09_14,162.233.101.141
09_14,162.233.101.141
09_14,162.233.101.141
09_14,99.247.187.75
09_14,99.247.187.75
09_14,99.247.187.75
09_14,99.247.187.75
09_14,99.247.187.75
09_14,99.247.187.75
09_14,99.247.187.75
09_14,99.247.187.75
09_14,99.247.187.75
09_14,99.247.187.75
09_14,99.247.187.75
09_14,99.247.187.75
09_14,99.247.187.75
09_14,99.247.187.75
09_14,99.247.187.75
09_14,99.247.187.75
09_14,99.247.187.75
09_14,99.247.187.75
09_14,99.247.187.75
09_14,166.196.110.72
09_14,166.196.110.72
09_14,166.196.110.72
09_14,166.196.110.72
09_14,166.196.110.72
09_14,99.247.187.75
09_14,99.247.187.75
09_14,99.247.187.75
09_14,8.213.227.121
09_14,8.213.227.121
09_14,8.213.227.121
09_14,8.213.227.121
09_14,8.213.227.121
09_14,8.213.227.121
09_14,8.213.227.121
09_14,8.213.227.121
09_14,8.213.227.121
09_14,8.213.227.121
09_14,8.213.227.121
09_14,8.213.227.121
09_14,8.213.227.121
09_14,8.213.227.121
09_14,8.213.227.121
09_14,8.213.227.121
09_14,8.213.227.121
09_14,8.213.227.121
09_14,8.213.227.121
09_14,8.213.227.121
09_14,8.213.227.121
09_14,8.213.227.121
09_14,8.213.227.121
09_14,8.213.227.121
09_14,8.213.227.121
09_14,8.213.227.121
09_14,8.213.227.121
09_14,8.213.227.121
09_14,8.213.227.121
09_14,8.213.227.121
09_14,8.213.227.121
09_14,8.213.227.121
09_14,8.213.227.121
09_14,8.213.227.121
09_14,8.213.227.121
09_14,8.213.227.121
09_14,8.213.227.121
09_14,8.213.227.121
09_14,104.56.175.216
09_14,104.56.175.216
09_14,104.56.175.216
09_14,104.56.175.216
09_14,104.56.175.216
09_14,104.56.175.216
09_14,104.56.175.216
09_14,104.56.175.216
09_14,104.56.175.216
09_14,104.56.175.216
09_14,104.56.175.216
09_14,104.56.175.216
09_14,104.56.175.216
09_14,104.56.175.216
09_14,104.56.175.216
09_14,104.56.175.216
09_14,104.56.175.216
09_14,135.125.246.110
09_14,135.125.246.110
09_14,50.71.200.133
09_14,67.180.153.74
09_14,185.242.226.88
09_14,185.242.226.88
09_14,143.110.182.33
09_14,143.110.182.33
09_14,95.223.107.132
09_14,95.223.107.132
09_14,95.223.107.132
09_14,173.207.18.127
09_14,173.207.18.127
09_14,173.207.18.127
09_14,172.89.27.62
09_14,172.89.27.62
09_14,109.146.238.213
09_14,180.150.39.152
09_14,135.125.246.110
09_14,135.125.246.110
09_14,185.224.128.47
09_14,166.205.159.38
09_14,166.205.159.38
09_14,166.205.159.38
09_14,166.205.159.38
09_14,166.198.28.124
09_14,166.198.28.124
09_14,166.198.28.124
09_14,166.198.28.124
09_14,166.198.28.124
09_14,166.198.28.124
09_14,166.198.28.124
09_14,166.198.28.124
09_14,166.198.28.124
09_14,166.198.28.124
09_14,166.198.28.124
09_14,166.198.28.124
09_14,166.198.28.124
09_14,166.198.28.124
09_14,166.198.28.124
09_14,166.198.28.124
09_14,166.198.28.124
09_14,166.198.28.124
09_14,166.198.28.124
09_14,80.192.3.231
09_14,8.19.228.72
09_14,8.19.228.72
09_14,8.19.228.72
09_14,37.76.26.64
09_14,37.76.26.64
09_14,37.76.26.64
09_14,37.76.26.64
09_14,37.76.26.64
09_14,37.76.26.64
09_14,37.76.26.64
09_14,37.76.26.64
09_14,37.76.26.64
09_14,37.76.26.64
09_14,37.76.26.64
09_14,37.76.26.64
09_14,37.76.26.64
09_14,37.76.26.64
09_14,37.76.26.64
09_14,37.76.26.64
09_14,37.76.26.64
09_14,37.76.26.64
09_14,37.76.26.64
09_14,37.76.26.64
09_14,37.76.26.64
09_14,37.76.26.64
09_14,37.76.26.64
09_14,37.76.26.64
09_14,37.76.26.64
09_14,37.76.26.64
09_14,37.76.26.64
09_14,37.76.26.64
09_14,37.76.26.64
09_14,37.76.26.64
09_14,37.76.26.64
09_14,37.76.26.64
09_14,37.76.26.64
09_14,37.76.26.64
09_14,37.76.26.64
09_14,37.76.26.64
09_14,37.76.26.64
09_14,37.76.26.64
09_14,37.76.26.64
09_14,37.76.26.64
09_14,172.59.187.171
09_14,172.58.11.124
09_14,172.58.11.124
09_14,172.58.11.124
09_14,172.58.11.124
09_14,172.58.11.124
09_14,172.58.11.124
09_14,172.58.11.124
09_14,172.58.11.124
09_14,172.58.11.124
09_14,172.58.11.124
09_14,172.58.11.124
09_14,74.125.210.139
09_14,74.125.210.137
09_14,172.58.11.124
09_14,172.58.11.124
09_14,172.58.11.124
09_14,172.58.11.124
09_14,140.248.30.105
09_14,140.248.30.105
09_14,140.248.30.105
09_14,140.248.30.105
09_14,140.248.30.105
09_14,140.248.30.105
09_14,140.248.30.105
09_14,140.248.30.105
09_14,140.248.30.105
09_14,140.248.30.105
09_14,140.248.30.105
09_14,140.248.30.105
09_14,140.248.30.105
09_14,140.248.30.105
09_14,140.248.30.105
09_14,140.248.30.105
09_14,140.248.30.105
09_14,87.196.80.39
09_14,87.196.80.39
09_14,87.196.80.39
09_14,87.196.80.39
09_14,87.196.80.39
09_14,87.196.80.39
09_14,178.197.199.208
09_14,178.197.199.208
09_14,74.125.210.132
09_14,178.197.199.208
09_14,178.197.199.208
09_14,178.197.199.208
09_14,74.125.210.132
09_14,74.125.210.133
09_14,74.125.210.134
09_14,74.125.210.136
09_14,74.125.210.136
09_14,178.197.199.208
09_14,178.197.199.208
09_14,178.197.199.208
09_14,178.197.199.208
09_14,178.197.199.208
09_14,178.197.199.208
09_14,178.197.199.208
09_14,172.58.11.124
09_14,172.58.11.124
09_14,172.58.11.124
09_14,172.58.11.124
09_14,172.58.11.124
09_14,172.58.11.124
09_14,80.82.77.202
09_14,46.193.56.201
09_14,46.193.56.201
09_14,99.30.15.8
09_14,104.28.88.132
09_14,104.28.88.132
09_14,198.235.24.31
09_14,198.235.24.31
09_14,37.210.32.48
09_14,37.210.32.48
09_14,37.210.32.48
09_14,37.210.32.48
09_14,37.210.32.48
09_14,37.210.32.48
09_14,37.210.32.48
09_14,37.210.32.48
09_14,37.210.32.48
09_14,37.210.32.48
09_14,37.210.32.48
09_14,37.210.32.48
09_14,37.210.32.48
09_14,37.210.32.48
09_14,37.210.32.48
09_14,37.210.32.48
09_14,37.210.32.48
09_14,80.82.77.202
09_14,46.193.56.201
09_14,140.248.30.105
09_14,140.248.30.105
09_14,34.122.147.229
09_14,104.197.69.115
09_14,104.197.69.115
09_14,104.197.69.115
09_14,104.197.69.115
09_14,104.197.69.115
09_14,104.197.69.115
09_14,104.197.69.115
09_14,104.197.69.115
09_14,104.197.69.115
09_14,104.197.69.115
09_14,104.197.69.115
09_14,104.197.69.115
09_14,104.197.69.115
09_14,104.197.69.115
09_14,104.197.69.115
09_14,140.248.30.105
09_14,51.89.5.185
09_14,51.89.5.185
09_14,104.28.88.131
09_14,93.174.93.12
09_14,104.28.88.130
09_14,185.224.128.187
09_14,185.224.128.187
09_14,72.192.19.177
09_14,72.192.19.177
09_14,72.192.19.177
09_14,72.192.19.177
09_14,72.192.19.177
09_14,72.192.19.177
09_14,72.192.19.177
09_14,109.146.238.213
09_14,109.146.238.213
09_14,109.146.238.213
09_14,109.146.238.213
09_14,109.146.238.213
09_14,205.169.39.94
09_14,205.169.39.94
09_14,205.169.39.94
09_14,205.169.39.94
09_14,205.169.39.94
09_14,205.169.39.94
09_14,205.169.39.94
09_14,205.169.39.94
09_14,205.169.39.94
09_14,205.169.39.94
09_14,205.169.39.94
09_14,205.169.39.94
09_14,205.169.39.94
09_14,205.169.39.94
09_14,205.169.39.94
09_14,205.169.39.94
09_14,205.169.39.7
09_14,205.169.39.7
09_14,205.169.39.7
09_14,205.169.39.7
09_14,205.169.39.7
09_14,205.169.39.7
09_14,205.169.39.7
09_14,205.169.39.7
09_14,205.169.39.7
09_14,205.169.39.7
09_14,205.169.39.7
09_14,205.169.39.7
09_14,205.169.39.7
09_14,205.169.39.7
09_14,205.169.39.7
09_14,205.169.39.94
09_14,205.169.39.94
09_14,205.169.39.7
09_14,70.68.170.58
09_14,178.211.139.188
09_14,35.187.29.237
09_14,101.56.106.26
09_14,78.55.88.5
09_14,107.77.195.65
09_14,107.77.195.65
09_14,107.77.195.65
09_14,72.192.19.177
09_14,185.224.128.47
09_14,34.22.187.17
09_14,99.67.194.244
09_14,99.67.194.244
09_14,99.67.194.244
09_14,99.67.194.244
09_14,99.67.194.244
09_14,99.67.194.244
09_14,104.28.103.108
09_14,35.86.198.137
09_14,35.86.198.137
09_14,173.207.18.127
09_14,173.207.18.127
09_14,135.125.246.110
09_14,135.125.246.110
09_14,124.104.59.153
09_14,206.189.57.162
09_14,206.189.57.162
09_14,194.195.117.152
09_14,185.224.128.47
09_14,89.44.198.162
09_14,24.84.245.1
09_14,24.84.245.1
09_14,24.84.245.1
09_14,24.84.245.1
09_14,24.84.245.1
09_14,24.84.245.1
09_14,24.84.245.1
09_14,24.84.245.1
09_14,24.84.245.1
09_14,24.84.245.1
09_14,135.125.244.48
09_14,135.125.244.48
09_14,172.58.208.217
09_14,172.58.209.79
09_14,34.138.90.130
09_14,34.138.90.130
09_14,34.138.90.130
09_14,34.138.90.130
09_14,34.138.90.130
09_14,34.138.90.130
09_14,34.138.90.130
09_14,34.138.90.130
09_14,34.138.90.130
09_14,34.138.90.130
09_14,34.138.90.130
09_14,34.138.90.130
09_14,34.138.90.130
09_14,34.138.90.130
09_14,34.138.90.130
09_14,34.138.90.130
09_14,34.138.90.130
09_14,34.138.90.130
09_14,151.204.199.16
09_14,151.204.199.16
09_14,151.204.199.16
09_14,151.204.199.16
09_14,151.204.199.16
09_14,151.204.199.16
09_14,151.204.199.16
09_14,151.204.199.16
09_14,151.204.199.16
09_14,151.204.199.16
09_14,151.204.199.16
09_14,151.204.199.16
09_14,151.204.199.16
09_14,151.204.199.16
09_14,151.204.199.16
09_14,151.204.199.16
09_14,151.204.199.16
09_14,151.204.199.16
09_14,151.204.199.16
09_14,151.204.199.16
09_14,172.58.208.177
09_14,54.36.112.44
09_14,54.36.112.44
09_14,166.198.28.124
09_14,166.198.28.124
09_14,185.191.126.213
09_14,101.56.106.26
09_14,46.193.56.201
09_14,104.28.104.110
09_14,104.28.104.110
09_14,104.28.104.110
09_14,104.28.104.110
09_14,104.28.104.110
09_14,104.28.104.110
09_14,104.28.104.110
09_14,104.28.104.110
09_14,104.28.104.110
09_14,104.28.104.110
09_14,104.28.104.110
09_14,104.28.104.110
09_14,104.28.104.110
09_14,104.28.104.110
09_14,104.28.104.110
09_14,172.58.10.28
09_14,24.220.227.69
09_14,24.220.227.69
09_14,104.28.104.109
09_14,185.224.128.47
09_14,173.207.18.127
09_14,173.207.18.127
09_14,173.207.18.127
09_14,172.212.58.151
09_14,12.75.216.91
09_14,12.75.216.91
09_14,12.75.216.91
09_14,12.75.216.91
09_14,12.75.216.91
09_14,12.75.216.91
09_14,12.75.216.91
09_14,12.75.216.91
09_14,12.75.216.91
09_14,12.75.216.91
09_14,12.75.216.91
09_14,12.75.216.91
09_14,12.75.216.91
09_14,12.75.216.91
09_14,12.75.216.91
09_14,109.42.179.136
09_14,109.42.179.136
09_14,109.42.179.136
09_14,109.42.179.136
09_14,104.28.88.131
09_14,104.28.88.131
09_14,5.147.245.66
09_14,24.114.105.184
09_14,24.114.105.184
09_14,24.114.105.184
09_14,78.55.88.5
09_14,78.55.88.5
09_14,78.55.88.5
09_14,78.55.88.5
09_14,185.16.39.118
09_14,78.55.88.5
09_14,78.55.88.5
09_14,78.55.88.5
09_14,78.55.88.5
09_14,78.55.88.5
09_14,78.55.88.5
09_14,78.55.88.5
09_14,78.55.88.5
09_14,78.55.88.5
09_14,78.55.88.5
09_14,185.224.128.59
09_14,185.224.128.59
09_14,101.56.106.26
09_14,101.56.106.26
09_14,101.56.106.26
09_14,101.56.106.26
09_14,101.56.106.26
09_14,101.56.106.26
09_14,101.56.106.26
09_14,101.56.106.26
09_14,101.56.106.26
09_14,101.56.106.26
09_14,101.56.106.26
09_14,101.56.106.26
09_14,101.56.106.26
09_14,101.56.106.26
09_14,101.56.106.26
09_14,101.56.106.26
09_14,71.73.20.240
09_14,71.73.20.240
09_14,172.56.92.32
09_14,172.56.92.32
09_14,172.56.92.32
09_14,172.56.92.32
09_14,172.56.92.32
09_14,172.56.92.32
09_14,172.56.92.32
09_14,172.56.92.32
09_14,172.56.92.32
09_14,172.56.92.32
09_14,172.56.92.32
09_14,172.56.92.32
09_14,172.56.92.32
09_14,172.56.92.32
09_14,172.56.92.32
09_14,155.186.220.166
09_14,155.186.220.166
09_14,155.186.220.166
09_14,104.56.175.216
09_14,104.56.175.216
09_14,104.56.175.216
09_14,104.56.175.216
09_14,172.168.158.183
09_14,13.64.192.217
09_14,95.223.107.132
09_14,205.169.39.7
09_14,223.113.128.149
09_14,223.113.128.149
09_14,223.113.128.149
09_14,223.113.128.149
09_14,223.113.128.149
09_14,223.113.128.149
09_14,223.113.128.149
09_14,37.76.26.64
09_14,37.76.26.64
09_14,37.76.26.64
09_14,37.76.26.64
09_14,37.76.26.64
09_14,37.76.26.64
09_14,37.76.26.64
09_14,37.76.26.64
09_14,37.76.26.64
09_14,37.76.26.64
09_14,37.76.26.64
09_14,37.76.26.64
09_14,8.222.147.167
09_14,37.76.26.64
09_14,84.0.76.22
09_14,84.0.76.22
09_14,8.222.147.167
09_14,84.0.76.22
09_14,37.76.26.64
09_14,37.76.26.64
09_14,37.76.26.64
09_14,37.76.26.64
09_14,37.76.26.64
09_14,37.76.26.64
09_14,37.76.26.64
09_14,37.76.26.64
09_14,46.193.56.201
09_14,46.193.56.201
09_14,46.193.56.201
09_14,46.193.56.201
09_14,46.193.56.201
09_14,46.193.56.201
09_14,46.193.56.201
09_14,46.193.56.201
09_14,46.193.56.201
09_14,46.193.56.201
09_14,46.193.56.201
09_14,46.193.56.201
09_14,46.193.56.201
09_14,46.193.56.201
09_14,46.193.56.201
09_14,69.138.198.69
09_14,69.138.198.69
09_14,69.138.198.69
09_14,69.138.198.69
09_14,69.138.198.69
09_14,69.138.198.69
09_14,69.138.198.69
09_14,69.138.198.69
09_14,69.138.198.69
09_14,69.138.198.69
09_14,69.138.198.69
09_14,69.138.198.69
09_14,69.138.198.69
09_14,69.138.198.69
09_14,69.138.198.69
09_14,69.138.198.69
09_14,69.138.198.69
09_14,69.138.198.69
09_14,69.138.198.69
09_14,205.210.31.16
09_14,84.127.210.1
09_14,84.127.210.1
09_14,84.127.210.1
09_14,84.127.210.1
09_14,84.127.210.1
09_14,84.127.210.1
09_14,84.127.210.1
09_14,84.127.210.1
09_14,84.127.210.1
09_14,84.127.210.1
09_14,84.127.210.1
09_14,84.127.210.1
09_14,84.127.210.1
09_14,173.207.18.127
09_14,173.207.18.127
09_14,173.207.18.127
09_14,84.127.210.1
09_14,84.127.210.1
09_14,84.127.210.1
09_14,84.127.210.1
09_14,84.127.210.1
09_14,84.127.210.1
09_14,84.127.210.1
09_14,84.127.210.1
09_14,84.127.210.1
09_14,84.127.210.1
09_14,84.127.210.1
09_14,84.127.210.1
09_14,84.127.210.1
09_14,84.127.210.1
09_14,84.127.210.1
09_14,84.127.210.1
09_14,84.127.210.1
09_14,84.127.210.1
09_14,84.127.210.1
09_14,84.127.210.1
09_14,5.8.11.202
09_14,64.227.32.192
09_14,173.207.18.127
09_14,20.236.248.238
09_14,108.46.74.164
09_14,167.99.82.97
09_14,87.81.31.150
09_14,222.140.162.243
09_14,172.58.209.73
09_14,172.58.209.73
09_14,172.58.210.195
09_14,173.207.18.127
09_14,173.207.18.127
09_14,173.207.18.127
09_14,166.198.28.124
09_14,185.254.196.173
09_14,185.254.196.173
09_14,173.207.18.127
09_14,173.207.18.127
09_14,173.207.18.127
09_14,46.193.56.201
09_14,99.30.15.8
09_14,46.193.56.201
09_14,109.42.178.34
09_14,46.193.56.201
09_14,46.193.56.201
09_14,8.216.90.89
09_14,8.216.90.89
09_14,46.193.56.201
09_14,98.61.68.20
09_14,5.189.172.158
09_14,160.2.74.35
09_14,89.7.19.157
09_14,64.189.111.130
09_14,64.189.111.130
09_14,64.189.111.130
09_14,104.28.50.193
09_14,196.117.235.228
09_14,196.117.235.228
09_14,196.117.235.228
09_14,196.117.235.228
09_14,89.7.19.157
09_14,81.205.66.177
09_14,81.205.66.177
09_14,81.205.66.177
09_14,81.205.66.177
09_14,81.205.66.177
09_14,104.28.50.185
09_14,104.28.50.185
09_14,104.28.50.185
09_14,104.28.50.185
09_14,69.164.212.201
09_14,173.207.18.127
09_14,108.46.74.164
09_14,108.46.74.164
09_14,108.46.74.164
09_14,108.46.74.164
09_14,130.45.36.100
09_14,108.46.74.164
09_14,12.75.216.91
09_14,178.197.199.208
09_14,193.32.162.34
09_14,45.156.129.57
09_14,185.142.236.40
09_14,185.142.236.40
09_14,185.142.236.40
09_14,185.142.236.40
09_14,45.61.146.152
09_14,45.61.146.152
09_14,185.142.236.40
09_14,185.142.236.40
09_14,185.142.236.40
09_14,185.142.236.40
09_14,45.61.146.152
09_14,45.61.146.152
09_14,45.61.146.152
09_14,185.142.236.40
09_14,185.142.236.40
09_14,173.207.18.127
09_14,155.186.220.166
09_14,155.186.220.166
09_14,155.186.220.166
09_14,155.186.220.166
09_14,155.186.220.166
09_14,155.186.220.166
09_14,155.186.220.166
09_14,155.186.220.166
09_14,155.186.220.166
09_14,155.186.220.166
09_14,155.186.220.166
09_14,155.186.220.166
09_14,155.186.220.166
09_14,155.186.220.166
09_14,155.186.220.166
09_14,109.42.179.136
09_14,109.42.179.136
09_14,109.42.179.136
09_14,109.42.179.136
09_14,216.46.146.202
09_14,109.42.179.136
09_14,109.42.179.136
09_14,109.42.179.136
09_14,109.42.179.136
09_14,216.46.146.202
09_14,216.46.146.202
09_14,109.42.179.136
09_14,109.42.179.136
09_14,216.46.146.202
09_14,216.46.146.202
09_14,216.46.146.202
09_14,109.42.179.136
09_14,109.42.179.136
09_14,109.42.179.136
09_14,47.202.234.171
09_14,47.202.234.171
09_14,47.202.234.171
09_14,47.202.234.171
09_14,47.202.234.171
09_14,47.202.234.171
09_14,216.46.146.202
09_14,173.207.18.127
09_14,149.50.103.48
09_14,64.92.16.103
09_14,64.92.16.103
09_14,64.92.16.103
09_14,64.92.16.103
09_14,64.92.16.103
09_14,64.92.16.103
09_14,64.92.16.103
09_14,64.92.16.103
09_14,64.92.16.103
09_14,64.92.16.103
09_14,64.92.16.103
09_14,64.92.16.103
09_14,64.92.16.103
09_14,64.92.16.103
09_14,64.92.16.103
09_14,64.92.16.103
09_14,219.79.95.64
09_14,219.79.95.64
09_14,219.79.95.64
09_14,104.28.103.110
09_14,219.79.95.64
09_14,219.79.95.64
09_14,219.79.95.64
09_14,104.28.104.110
09_14,219.79.95.64
09_14,219.79.95.64
09_14,219.79.95.64
09_14,104.28.104.110
09_14,104.28.103.111
09_14,219.79.95.64
09_14,104.28.104.110
09_14,219.79.95.64
09_14,219.79.95.64
09_14,219.79.95.64
09_14,104.28.103.111
09_14,219.79.95.64
09_14,219.79.95.64
09_14,109.146.238.213
09_14,185.224.128.187
09_14,185.224.128.187
09_14,62.18.90.99
09_14,62.18.90.99
09_14,62.18.90.99
09_14,62.18.90.99
09_14,62.18.90.99
09_14,62.18.90.99
09_14,62.18.90.99
09_14,62.18.90.99
09_14,178.194.110.244
09_14,172.58.208.203
09_14,180.150.39.152
09_14,180.150.39.152
09_14,104.28.104.109
09_14,51.89.5.185
09_14,51.89.5.185
09_14,140.248.30.0
09_14,140.248.30.0
09_14,140.248.30.0
09_14,140.248.30.0
09_14,140.248.30.0
09_14,140.248.30.0
09_14,140.248.30.0
09_14,140.248.30.0
09_14,140.248.30.0
09_14,140.248.30.0
09_14,140.248.30.0
09_14,140.248.30.0
09_14,140.248.30.0
09_14,140.248.30.0
09_14,140.248.30.0
09_14,140.248.30.0
09_14,80.192.3.231
09_14,80.192.3.231
09_14,80.192.3.231
09_14,80.192.3.231
09_14,95.223.107.132
09_14,95.223.107.132
09_14,172.59.187.171
09_14,172.59.187.171
09_14,185.224.128.187
09_14,185.224.128.187
09_14,160.2.74.35
09_14,160.2.74.35
09_14,160.2.74.35
09_14,160.2.74.35
09_14,160.2.74.35
09_14,160.2.74.35
09_14,160.2.74.35
09_14,160.2.74.35
09_14,160.2.74.35
09_14,160.2.74.35
09_14,160.2.74.35
09_14,160.2.74.35
09_14,160.2.74.35
09_14,160.2.74.35
09_14,160.2.74.35
09_14,160.2.74.35
09_14,160.2.74.35
09_14,160.2.74.35
09_14,173.207.18.127
09_14,92.238.192.240
09_14,92.238.192.240
09_14,92.238.192.240
09_14,92.238.192.240
09_14,92.238.192.240
09_14,92.238.192.240
09_14,92.238.192.240
09_14,92.238.192.240
09_14,92.238.192.240
09_14,92.238.192.240
09_14,92.238.192.240
09_14,92.238.192.240
09_14,92.238.192.240
09_14,92.238.192.240
09_14,92.238.192.240
09_14,92.238.192.240
09_14,92.238.192.240
09_14,92.238.192.240
09_14,198.199.64.7
09_14,172.89.27.62
09_14,172.89.27.62
09_14,172.89.27.62
09_14,172.89.27.62
09_14,172.89.27.62
09_14,155.186.220.166
09_14,173.207.18.127
09_14,173.207.18.127
09_14,173.207.18.127
09_14,98.114.148.20
09_14,98.114.148.20
09_14,98.114.148.20
09_14,135.125.244.48
09_14,135.125.244.48
09_14,107.172.34.27
09_14,89.134.18.167
09_14,34.140.89.115
09_14,54.36.112.44
09_14,54.36.112.44
09_14,173.207.18.127
09_14,173.207.18.127
09_14,82.145.215.206
09_14,173.207.18.127
09_14,94.2.24.163
09_14,94.2.24.163
09_14,94.2.24.163
09_14,82.145.215.206
09_14,82.145.215.206
09_14,109.146.238.213
09_14,109.146.238.213
09_14,109.146.238.213
09_14,109.146.238.213
09_14,109.146.238.213
09_14,109.146.238.213
09_14,109.146.238.213
09_14,109.146.238.213
09_14,109.146.238.213
09_14,109.146.238.213
09_14,109.146.238.213
09_14,109.146.238.213
09_14,109.146.238.213
09_14,109.146.238.213
09_14,109.146.238.213
09_14,109.146.238.213
09_14,109.146.238.213
09_14,109.146.238.213
09_14,47.181.202.147
09_14,111.7.96.149
09_14,142.93.47.121
09_14,173.207.18.127
09_14,8.19.228.72
09_14,8.19.228.72
09_14,173.207.18.127
09_14,104.28.103.110
09_14,104.28.103.110
09_14,104.28.103.110
09_14,104.28.103.110
09_14,104.28.103.110
09_14,104.28.103.110
09_14,104.28.103.110
09_14,104.28.103.110
09_14,104.28.103.110
09_14,104.28.103.110
09_14,104.28.103.110
09_14,104.28.103.110
09_14,104.28.103.110
09_14,104.28.103.110
09_14,104.28.103.110
09_14,104.28.103.110
09_14,104.28.103.110
09_14,104.28.103.110
09_14,37.76.26.64
09_14,37.76.26.64
09_14,139.59.92.140
09_14,139.59.92.140
09_14,139.59.92.140
09_14,139.59.92.140
09_14,37.76.26.64
09_14,139.59.92.140
09_14,139.59.92.140
09_14,37.76.26.64
09_14,139.59.92.140
09_14,139.59.92.140
09_14,37.76.26.64
09_14,139.59.92.140
09_14,139.59.92.140
09_14,139.59.92.140
09_14,37.76.26.64
09_14,37.76.26.64
09_14,139.59.92.140
09_14,139.59.92.140
09_14,139.59.92.140
09_14,139.59.92.140
09_14,139.59.92.140
09_14,139.59.92.140
09_14,139.59.92.140
09_14,139.59.92.140
09_14,139.59.92.140
09_14,139.59.92.140
09_14,139.59.92.140
09_14,139.59.92.140
09_14,139.59.92.140
09_14,139.59.92.140
09_14,173.207.18.127
09_14,173.207.18.127
09_14,37.76.26.64
09_14,37.76.26.64
09_14,37.76.26.64
09_14,37.76.26.64
09_14,37.76.26.64
09_14,83.97.73.245
09_14,111.7.96.164
09_14,111.7.96.164
09_14,209.52.88.12
09_14,134.139.201.168
09_14,134.139.201.168
09_14,202.170.201.202
09_14,134.139.201.168
09_14,89.152.193.124
09_14,135.125.244.52
09_14,135.125.244.52
09_14,154.213.187.244
09_14,188.166.71.161
09_14,188.166.71.161
09_14,47.202.234.171
09_14,164.92.243.5
09_14,164.92.243.5
09_14,167.99.181.58
09_14,167.99.181.58
09_14,185.254.196.173
09_14,185.254.196.173
09_14,84.127.210.1
09_14,84.127.210.1
09_14,84.127.210.1
09_14,84.127.210.1
09_14,84.127.210.1
09_14,84.127.210.1
09_14,84.127.210.1
09_14,84.127.210.1
09_14,84.127.210.1
09_14,84.127.210.1
09_14,84.127.210.1
09_14,84.127.210.1
09_14,84.127.210.1
09_14,84.127.210.1
09_14,84.127.210.1
09_14,84.127.210.1
09_14,84.127.210.1
09_14,84.127.210.1
09_14,84.127.210.1
09_14,84.127.210.1
09_14,84.127.210.1
09_14,84.127.210.1
09_14,84.127.210.1
09_14,84.127.210.1
09_14,84.127.210.1
09_14,84.127.210.1
09_14,84.127.210.1
09_14,84.127.210.1
09_14,8.19.228.72
09_14,8.19.228.72
09_14,173.207.18.127
09_14,173.207.18.127
09_14,173.207.18.127
09_14,103.147.119.30
09_14,174.229.68.52
09_14,174.229.68.52
09_14,174.229.68.52
09_14,174.229.68.52
09_14,174.229.68.52
09_14,174.229.68.52
09_14,174.229.68.52
09_14,89.134.18.167
09_14,89.134.18.167
09_14,89.134.18.167
09_14,89.134.18.167
09_14,89.134.18.167
09_14,180.150.39.152
09_14,38.147.246.199
09_14,38.147.246.199
09_14,38.147.246.199
09_14,173.207.18.127
09_14,173.207.18.127
09_14,173.207.18.127
09_14,86.29.206.218
09_14,86.29.206.218
09_14,86.29.206.218
09_14,86.29.206.218
09_14,86.29.206.218
09_14,86.29.206.218
09_14,51.155.81.221
09_14,135.125.246.110
09_14,135.125.246.110
09_14,8.19.228.72
09_14,37.76.26.64
09_14,37.76.26.64
09_14,37.76.26.64
09_14,37.76.26.64
09_14,37.76.26.64
09_14,37.76.26.64
09_14,37.76.26.64
09_14,37.76.26.64
09_14,37.76.26.64
09_14,37.76.26.64
09_14,37.76.26.64
09_14,37.76.26.64
09_14,37.76.26.64
09_14,37.76.26.64
09_14,37.76.26.64
09_14,37.76.26.64
09_14,37.76.26.64
09_14,37.76.26.64
09_14,37.76.26.64
09_14,37.76.26.64
09_14,37.76.26.64
09_14,37.76.26.64
09_14,37.76.26.64
09_14,37.76.26.64
09_14,37.76.26.64
09_14,37.76.26.64
09_14,37.76.26.64
09_14,37.76.26.64
09_14,37.76.26.64
09_14,37.76.26.64
09_14,37.76.26.64
09_14,37.76.26.64
09_14,37.76.26.64
09_14,37.76.26.64
09_14,95.223.107.132
09_14,68.183.160.243
09_14,158.62.11.219
09_14,135.125.246.110
09_14,135.125.246.110
09_14,104.28.50.66
09_14,172.58.10.28
09_14,172.58.10.28
09_14,172.58.10.28
09_14,172.58.10.28
09_14,172.58.10.28
09_14,172.58.10.28
09_14,172.58.10.28
09_14,172.58.10.28
09_14,172.58.10.28
09_14,172.58.10.28
09_14,172.58.10.28
09_14,172.58.10.28
09_14,172.58.10.28
09_14,172.58.10.28
09_14,172.58.10.28
09_14,172.58.10.28
09_14,172.58.10.28
09_14,172.58.10.28
09_14,172.58.10.28
09_14,172.58.10.28
09_14,172.58.10.28
09_14,43.135.133.194
09_14,155.186.220.166
09_14,172.206.140.132
09_14,185.242.226.10
09_14,185.242.226.10
09_14,118.194.251.58
09_14,118.194.251.58
09_14,118.194.251.58
09_14,118.194.251.58
09_14,118.194.251.58
09_14,68.183.137.128
09_14,124.104.59.153
09_14,124.104.59.153
09_14,124.104.59.153
09_14,94.31.69.194
09_14,64.62.156.93
09_14,123.160.223.72
09_14,123.160.223.75
09_14,123.160.223.72
09_14,123.160.223.72
09_14,111.7.96.160
09_14,111.7.96.160
09_14,123.160.223.75
09_14,205.210.31.68
09_14,135.125.244.48
09_14,135.125.244.48
09_14,8.19.228.72
09_14,123.160.223.73
09_14,123.160.223.74
09_14,134.139.201.168
09_14,134.139.201.168
09_14,123.160.223.72
09_14,134.139.201.168
09_14,123.160.223.73
09_14,134.139.201.168
09_14,134.139.201.168
09_14,134.139.201.168
09_14,178.197.199.208
09_14,178.197.199.208
09_14,123.160.223.75
09_14,123.160.223.75
09_14,172.56.92.32
09_14,172.56.92.32
09_14,172.56.92.32
09_14,51.89.5.185
09_14,51.89.5.185
09_14,185.254.196.173
09_14,185.254.196.173
09_14,104.28.50.66
09_14,104.28.50.66
09_14,84.127.210.1
09_14,166.198.28.124
09_14,47.156.5.205
09_14,47.156.5.205
09_14,47.156.5.205
09_14,47.156.5.205
09_14,47.156.5.205
09_14,47.156.5.205
09_14,47.156.5.205
09_14,47.156.5.205
09_14,47.156.5.205
09_14,47.156.5.205
09_14,47.156.5.205
09_14,47.156.5.205
09_14,47.156.5.205
09_14,47.156.5.205
09_14,47.156.5.205
09_14,47.156.5.205
09_14,47.156.5.205
09_14,47.156.5.205
09_14,135.125.244.48
09_14,135.125.244.48
09_14,81.205.66.177
09_14,81.205.66.177
09_14,81.205.66.177
09_14,81.205.66.177
09_14,81.205.66.177
09_14,8.222.147.167
09_14,8.222.147.167
09_14,46.193.56.201
09_14,46.193.56.201
09_14,46.193.56.201
09_14,46.193.56.201
09_14,46.193.56.201
09_14,46.193.56.201
09_14,46.193.56.201
09_14,46.193.56.201
09_14,46.193.56.201
09_14,46.193.56.201
09_14,46.193.56.201
09_14,46.193.56.201
09_14,50.71.200.133
09_14,50.71.200.133
09_14,50.71.200.133
09_14,50.71.200.133
09_14,50.71.200.133
09_14,50.71.200.133
09_14,50.71.200.133
09_14,50.71.200.133
09_14,50.71.200.133
09_14,50.71.200.133
09_14,50.71.200.133
09_14,50.71.200.133
09_14,50.71.200.133
09_14,50.71.200.133
09_14,50.71.200.133
09_14,50.71.200.133
09_14,50.71.200.133
09_14,50.71.200.133
09_14,8.209.243.192
09_14,8.209.243.192
09_14,8.209.243.192
09_14,8.209.243.192
09_14,8.209.243.192
09_14,87.81.31.150
09_14,87.81.31.150
09_14,87.81.31.150
09_14,87.81.31.150
09_14,87.81.31.150
09_14,87.81.31.150
09_14,87.81.31.150
09_14,87.81.31.150
09_14,87.81.31.150
09_14,87.81.31.150
09_14,87.81.31.150
09_14,185.254.196.173
09_14,185.254.196.173
09_14,24.114.105.180
09_14,24.114.105.180
09_14,93.174.93.12
09_14,71.73.20.240
09_14,71.73.20.240
09_14,2.216.67.32
09_14,2.216.67.32
09_14,185.224.128.187
09_14,47.254.122.160
09_14,47.254.122.160
09_14,47.254.122.160
09_14,47.254.122.160
09_14,47.254.122.160
09_14,47.254.122.160
09_14,47.254.122.160
09_14,47.254.122.160
09_14,95.214.55.138
09_14,47.254.122.160
09_14,47.254.122.160
09_14,47.254.122.160
09_14,47.254.122.160
09_14,47.254.122.160
09_14,185.224.128.187
09_14,5.189.172.158
09_14,47.254.122.160
09_14,47.254.122.160
09_14,47.254.122.160
09_14,47.254.122.160
09_14,47.254.122.160
09_14,47.254.122.160
09_14,47.254.122.160
09_14,47.254.122.160
09_14,47.254.122.160
09_14,47.254.122.160
09_14,47.254.122.160
09_14,47.254.122.160
09_14,47.254.122.160
09_14,47.254.122.160
09_14,47.254.122.160
09_14,47.254.122.160
09_14,47.254.122.160
09_14,47.254.122.160
09_14,185.16.39.118
09_14,47.254.122.160
09_14,47.254.122.160
09_14,47.254.122.160
09_14,47.254.122.160
09_14,47.254.122.160
09_14,47.254.122.160
09_14,47.254.122.160
09_14,47.254.122.160
09_14,47.254.122.160
09_14,47.254.122.160
09_14,47.254.122.160
09_14,47.254.122.160
09_14,47.254.122.160
09_14,45.135.232.70
09_14,166.198.28.124
09_14,45.135.232.70
09_14,172.58.208.221
09_14,172.58.208.221
09_14,172.58.208.221
09_14,84.127.210.1
09_14,84.127.210.1
09_14,84.127.210.1
09_14,84.127.210.1
09_14,84.127.210.1
09_14,84.127.210.1
09_14,84.127.210.1
09_14,84.127.210.1
09_14,84.127.210.1
09_14,84.127.210.1
09_14,51.89.5.185
09_14,51.89.5.185
09_14,98.61.68.20
09_14,98.61.68.20
09_14,98.61.68.20
09_14,98.61.68.20
09_14,185.224.128.59
09_14,185.224.128.59
09_14,51.159.100.253
09_14,51.159.100.253
09_14,51.159.100.253
09_14,51.159.100.253
09_14,51.159.100.253
09_14,51.159.100.253
09_14,51.159.100.253
09_14,51.159.100.253
09_14,51.159.100.253
09_14,51.159.100.253
09_14,166.198.28.124
09_14,51.159.100.253
09_14,51.159.100.253
09_14,51.159.100.253
09_14,173.207.18.127
09_14,173.207.18.127
09_14,135.125.244.48
09_14,135.125.244.48
09_14,73.141.9.77
09_14,73.141.9.77
09_14,73.141.9.77
09_14,73.141.9.77
09_14,73.141.9.77
09_14,73.141.9.77
09_14,73.141.9.77
09_14,73.141.9.77
09_14,73.141.9.77
09_14,73.141.9.77
09_14,73.141.9.77
09_14,73.141.9.77
09_14,73.141.9.77
09_14,73.141.9.77
09_14,73.141.9.77
09_14,73.141.9.77
09_14,73.141.9.77
09_14,73.141.9.77
09_14,73.141.9.77
09_14,73.141.9.77
09_14,73.141.9.77
09_14,178.194.110.244
09_14,178.194.110.244
09_14,178.194.110.244
09_14,138.68.48.46
09_14,138.68.48.46
09_14,138.68.48.46
09_14,138.68.48.46
09_14,138.68.48.46
09_14,138.68.48.46
09_14,138.68.48.46
09_14,138.68.48.46
09_14,138.68.48.46
09_14,138.68.48.46
09_14,138.68.48.46
09_14,43.254.158.134
09_14,104.28.50.185
09_14,99.247.187.75
09_14,165.154.182.223
09_14,165.154.182.223
09_14,165.154.182.223
09_14,139.59.79.155
09_14,139.59.79.155
09_14,139.59.79.155
09_14,139.59.79.155
09_14,139.59.79.155
09_14,139.59.79.155
09_14,139.59.79.155
09_14,139.59.79.155
09_14,139.59.79.155
09_14,93.174.93.12
09_14,93.174.93.12
09_14,173.207.18.127
09_14,51.8.222.203
09_14,35.187.29.237
09_14,64.189.111.130
09_14,43.156.43.9
09_14,43.156.43.9
09_14,43.156.43.9
09_14,43.156.43.9
09_14,43.156.43.9
09_14,43.156.43.9
09_14,43.156.43.9
09_14,43.156.43.9
09_14,43.156.43.9
09_14,43.156.43.9
09_14,43.156.43.9
09_14,43.156.43.9
09_14,43.156.43.9
09_14,43.156.43.9
09_14,43.156.43.9
09_14,43.156.43.9
09_14,43.156.43.9
09_14,43.156.43.9
09_14,43.156.43.9
09_14,43.156.43.9
09_14,43.156.43.9
09_14,43.156.43.9
09_14,43.156.43.9
09_14,43.156.43.9
09_14,43.156.43.9
09_14,43.156.43.9
09_14,43.156.43.9
09_14,43.156.43.9
09_14,43.156.43.9
09_14,43.156.43.9
09_14,37.33.132.79
09_14,37.33.132.79
09_14,165.154.235.96
09_14,66.249.75.202
09_14,66.249.75.202
09_14,5.189.172.158
09_14,140.248.30.0
09_14,173.207.18.127
09_14,173.207.18.127
09_14,173.207.18.127
09_14,46.193.56.201
09_14,46.193.56.201
09_14,46.193.56.201
09_14,46.193.56.201
09_14,46.193.56.201
09_14,173.207.18.127
09_14,173.207.18.127
09_14,87.236.176.106
09_14,87.236.176.107
09_14,109.42.179.136
09_14,178.197.199.208
09_14,178.197.199.208
09_14,109.42.179.136
09_14,109.42.179.136
09_14,109.42.179.136
09_14,109.42.179.136
09_14,109.42.179.136
09_14,109.42.179.136
09_14,109.42.179.136
09_14,109.42.179.136
09_14,109.42.179.136
09_14,109.42.179.136
09_14,109.42.179.136
09_14,109.42.179.136
09_14,109.42.179.136
09_14,109.42.179.136
09_14,109.42.179.136
09_14,109.42.179.136
09_14,109.42.179.136
09_14,109.42.179.136
09_14,109.42.179.136
09_14,86.18.160.117
09_14,86.18.160.117
09_14,86.18.160.117
09_14,86.18.160.117
09_14,86.18.160.117
09_14,86.18.160.117
09_14,149.22.220.226
09_14,149.22.220.226
09_14,151.204.199.16
09_14,151.204.199.16
09_14,144.126.198.188
09_14,144.126.198.188
09_14,144.126.198.188
09_14,144.126.198.188
09_14,144.126.198.188
09_14,144.126.198.188
09_14,144.126.198.188
09_14,144.126.198.188
09_14,144.126.198.188
09_14,144.126.198.188
09_14,144.126.198.188
09_14,109.42.179.136
09_14,109.42.178.213
09_14,109.42.178.213
09_14,109.42.178.213
09_14,109.42.178.213
09_14,12.75.216.91
09_14,12.75.216.91
09_14,160.2.74.35
09_14,160.2.74.35
09_14,160.2.74.35
09_14,160.2.74.35
09_14,160.2.74.35
09_14,185.254.196.173
09_14,185.254.196.173
09_14,172.58.11.124
09_14,172.58.11.124
09_14,172.58.11.124
09_14,172.58.11.124
09_14,172.58.11.124
09_14,172.58.11.124
09_14,172.58.11.124
09_14,172.58.11.124
09_14,172.58.11.124
09_14,172.58.11.124
09_14,5.147.245.66
09_14,5.147.245.66
09_14,5.147.245.66
09_14,5.147.245.66
09_14,5.147.245.66
09_14,5.147.245.66
09_14,5.147.245.66
09_14,5.147.245.66
09_14,5.147.245.66
09_14,5.147.245.66
09_14,5.147.245.66
09_14,5.147.245.66
09_14,5.147.245.66
09_14,5.147.245.66
09_14,5.147.245.66
09_14,5.147.245.66
09_14,5.147.245.66
09_14,5.147.245.66
09_14,5.147.245.66
09_14,5.147.245.66
09_14,5.147.245.66
09_14,118.194.250.232
09_14,118.194.250.232
09_14,118.194.250.232
09_14,118.194.250.232
09_14,118.194.250.232
09_14,151.204.199.16
09_14,35.86.198.137
09_14,35.86.198.137
09_14,180.150.39.152
09_14,180.150.39.152
09_14,47.84.73.221
09_14,47.84.73.221
09_14,47.84.73.221
09_14,47.84.73.221
09_14,47.84.73.221
09_14,135.125.244.48
09_14,135.125.244.48
09_14,2.216.67.32
09_14,2.216.67.32
09_14,2.216.67.32
09_14,2.216.67.32
09_14,2.216.67.32
09_14,2.216.67.32
09_14,2.216.67.32
09_14,2.216.67.32
09_14,2.216.67.32
09_14,2.216.67.32
09_14,2.216.67.32
09_14,2.216.67.32
09_14,2.216.67.32
09_14,2.216.67.32
09_14,149.22.220.226
09_14,149.22.220.226
09_14,149.22.220.226
09_14,149.22.220.226
09_14,149.22.220.226
09_14,149.22.220.226
09_14,149.22.220.226
09_14,149.22.220.226
09_14,149.22.220.226
09_14,149.22.220.226
09_14,149.22.220.226
09_14,149.22.220.226
09_14,149.22.220.226
09_14,149.22.220.226
09_14,149.22.220.226
09_14,149.22.220.226
09_14,2.216.67.32
09_14,52.228.152.119
09_14,84.127.210.1
09_14,104.28.103.111
09_14,104.28.103.111
09_14,104.28.104.110
09_14,104.28.104.110
09_14,104.28.104.110
09_14,104.28.104.110
09_14,94.31.69.194
09_14,94.31.69.194
09_14,94.31.69.194
09_14,94.31.69.194
09_14,94.31.69.194
09_14,94.31.69.194
09_14,93.51.11.44
09_14,138.43.188.153
09_14,138.43.188.153
09_14,138.43.188.153
09_14,138.43.188.153
09_14,138.43.188.153
09_14,138.43.188.153
09_14,138.43.188.153
09_14,138.43.188.153
09_14,138.43.188.153
09_14,138.43.188.153
09_14,138.43.188.153
09_14,138.43.188.153
09_14,138.43.188.153
09_14,138.43.188.153
09_14,138.43.188.153
09_14,138.43.188.153
09_14,138.43.188.153
09_14,138.43.188.153
09_14,138.43.188.153
09_14,138.43.188.153
09_14,138.43.188.153
09_14,138.43.188.153
09_14,149.22.220.226
09_14,172.58.10.28
09_14,223.176.58.113
09_14,223.176.58.113
09_14,223.176.58.113
09_14,223.176.58.113
09_14,223.176.58.113
09_14,223.176.58.113
09_14,223.176.58.113
09_14,223.176.58.113
09_14,223.176.58.113
09_14,223.176.58.113
09_14,223.176.58.113
09_14,223.176.58.113
09_14,223.176.58.113
09_14,223.176.58.113
09_14,223.176.58.113
09_14,223.176.58.113
09_14,223.176.58.113
09_14,89.7.19.157
09_14,89.7.19.157
09_14,89.7.19.157
09_14,24.84.245.1
09_14,24.84.245.1
09_14,24.84.245.1
09_14,24.84.245.1
09_14,24.84.245.1
09_14,24.84.245.1
09_14,24.84.245.1
09_14,24.84.245.1
09_14,24.84.245.1
09_14,24.84.245.1
09_14,24.84.245.1
09_14,24.84.245.1
09_14,24.84.245.1
09_14,24.84.245.1
09_14,24.84.245.1
09_14,24.84.245.1
09_14,24.84.245.1
09_14,24.84.245.1
09_14,24.84.245.1
09_14,24.84.245.1
09_14,24.84.245.1
09_14,24.84.245.1
09_14,24.84.245.1
09_14,24.84.245.1
09_14,24.84.245.1
09_14,24.84.245.1
09_14,24.84.245.1
09_14,24.84.245.1
09_14,172.58.10.28
09_14,167.94.145.105
09_14,167.94.145.105
09_14,167.94.145.105
09_14,167.94.145.105
09_14,5.196.102.64
09_14,205.210.31.12
09_14,155.186.220.166
09_14,155.186.220.166
09_14,155.186.220.166
09_14,155.186.220.166
09_14,5.147.245.66
09_14,5.147.245.66
09_14,135.125.246.110
09_14,135.125.246.110
09_14,172.58.10.28
09_14,104.28.103.110
09_14,104.28.103.110
09_14,104.28.103.110
09_14,104.28.103.110
09_14,104.28.103.110
09_14,104.28.103.110
09_14,104.28.103.110
09_14,104.28.103.110
09_14,104.28.103.110
09_14,104.28.103.110
09_14,104.28.103.110
09_14,104.28.103.110
09_14,104.28.103.110
09_14,104.28.103.110
09_14,104.28.103.110
09_14,104.28.103.110
09_14,104.28.103.110
09_14,104.28.103.110
09_14,104.28.103.110
09_14,104.28.103.110
09_14,104.28.103.110
09_14,104.28.103.110
09_14,104.28.103.110
09_14,89.152.193.124
09_14,92.40.213.135
09_14,92.40.213.143
09_14,185.224.128.187
09_14,185.224.128.187
09_14,173.207.18.127
09_14,173.207.18.127
09_14,176.123.5.94
09_14,176.123.5.94
09_14,178.211.139.188
09_14,71.6.134.230
09_14,44.220.185.71
09_14,71.6.134.230
09_14,140.248.30.105
09_14,84.0.76.22
09_14,72.192.19.177
09_14,165.231.182.70
09_14,24.220.227.69
09_14,24.220.227.69
09_14,24.220.227.69
09_14,24.220.227.69
09_14,24.220.227.69
09_14,24.220.227.69
09_14,24.220.227.69
09_14,24.220.227.69
09_14,24.220.227.69
09_14,24.220.227.69
09_14,24.220.227.69
09_14,24.220.227.69
09_14,24.220.227.69
09_14,24.220.227.69
09_14,24.220.227.69
09_14,24.220.227.69
09_14,24.220.227.69
09_14,24.220.227.69
09_14,24.220.227.69
09_14,24.220.227.69
09_14,173.207.18.127
09_14,173.207.18.127
09_14,178.197.199.208
09_14,51.89.5.185
09_14,51.89.5.185
09_14,171.36.6.122
09_14,173.207.18.127
09_14,173.207.18.127
09_14,173.207.18.127
09_14,144.172.122.39
09_14,166.205.159.38
09_14,166.205.159.38
09_14,166.205.159.38
09_14,166.205.159.38
09_14,166.205.159.38
09_14,166.205.159.38
09_14,166.205.159.38
09_14,166.205.159.38
09_14,166.205.159.38
09_14,166.205.159.38
09_14,144.172.122.39
09_14,144.172.122.39
09_14,178.197.199.208
09_14,8.19.228.72
09_14,8.19.228.72
09_14,8.19.228.72
09_14,45.156.128.43
09_14,198.235.24.99
09_14,198.235.24.99
09_14,71.73.20.240
09_14,71.73.20.240
09_14,71.73.20.240
09_14,155.186.220.166
09_14,155.186.220.166
09_14,155.186.220.166
09_14,155.186.220.166
09_14,155.186.220.166
09_14,155.186.220.166
09_14,155.186.220.166
09_14,155.186.220.166
09_14,155.186.220.166
09_14,155.186.220.166
09_14,155.186.220.166
09_14,155.186.220.166
09_14,155.186.220.166
09_14,155.186.220.166
09_14,155.186.220.166
09_14,89.134.18.167
09_14,89.134.18.167
09_14,89.134.18.167
09_14,173.207.18.127
09_14,173.207.18.127
09_14,173.207.18.127
09_14,173.207.18.127
09_14,135.125.244.48
09_14,135.125.244.48
09_14,71.123.42.208
09_14,71.123.42.208
09_14,71.123.42.208
09_14,71.123.42.208
09_14,71.123.42.208
09_14,71.123.42.208
09_14,71.123.42.208
09_14,71.123.42.208
09_14,71.123.42.208
09_14,71.123.42.208
09_14,64.67.121.193
09_14,64.67.121.193
09_14,64.67.121.193
09_14,64.67.121.193
09_14,64.67.121.193
09_14,64.67.121.193
09_14,64.67.121.193
09_14,64.67.121.193
09_14,64.67.121.193
09_14,64.67.121.193
09_14,64.67.121.193
09_14,64.67.121.193
09_14,64.67.121.193
09_14,64.67.121.193
09_14,64.67.121.193
09_14,64.67.121.193
09_14,64.67.121.193
09_14,64.67.121.193
09_14,64.67.121.193
09_14,64.67.121.193
09_14,64.67.121.193
09_14,64.67.121.193
09_14,64.67.121.193
09_14,64.67.121.193
09_14,35.86.198.137
09_14,223.176.58.113
09_14,223.176.58.113
09_14,223.176.58.113
09_14,223.176.58.113
09_14,223.176.58.113
09_14,223.228.237.88
09_14,223.228.237.88
09_14,223.228.237.88
09_14,223.228.237.88
09_14,223.228.237.88
09_14,223.228.237.88
09_14,223.228.237.88
09_14,223.228.237.88
09_14,223.228.237.88
09_14,223.228.237.88
09_14,89.7.19.157
09_14,89.7.19.157
09_14,89.7.19.157
09_14,89.7.19.157
09_14,89.7.19.157
09_14,89.7.19.157
09_14,89.7.19.157
09_14,89.7.19.157
09_14,89.7.19.157
09_14,89.7.19.157
09_14,89.7.19.157
09_14,89.7.19.157
09_14,89.7.19.157
09_14,89.7.19.157
09_14,89.7.19.157
09_14,89.7.19.157
09_14,223.228.237.88
09_14,89.7.19.157
09_14,89.7.19.157
09_14,89.7.19.157
09_14,89.7.19.157
09_14,47.156.5.205
09_14,172.58.211.129
09_14,172.58.211.129
09_14,172.58.211.129
09_14,172.58.211.95
09_14,172.58.211.95
09_14,45.156.129.48
09_14,37.33.132.79
09_14,174.229.95.82
09_14,118.26.36.40
09_14,118.26.36.40
09_14,118.26.36.40
09_14,118.26.36.40
09_14,118.26.36.40
09_14,109.42.178.34
09_14,109.42.178.34
09_14,3.127.230.104
09_14,87.81.31.150
09_14,87.81.31.150
09_14,3.127.230.104
